segment_silnika,liczba,mediana_ceny,sredni_przebieg,udzial_diesel,udzial_automat
>3.0,93,36950.0,27242.935483870966,0.0,0.4838709677419355
2.6-3.0,2449,27016.0,24020.83340138832,0.6704777460187832,0.4209881584320131
1.6-2.0,6621,19490.0,27376.310225041536,0.7353874037154509,0.32653677692191513
<=1.5,1481,15980.0,20218.53409858204,0.3200540175557056,0.19783929777177583
2.1-2.5,20,4745.0,80953.35,0.15,0.55
